30182	(1063, 1)
29077	(341, 1)
16341	(2399, 1)
16286	(2675, 3)
17191	(824, 1)
26405	(2928, 3)
20374	(1943, 2)
32561	(1744, 4)
27756	(3841, 2)
25166	(195, 2)
32186	(4461, 5)
14941	(1771, 3)
26125	(2462, 4)
26364	(1373, 2)
17394	(1208, 1)
27903	(887, 2)
35130	(1039, 1)
27486	(709, 2)
25325	(420, 1)
26105	(584, 1)
17555	(693, 1)
34175	(419, 1)
31624	(2442, 3)
34407	(1717, 2)
28566	(492, 2)
35296	(3637, 4)
35279	(1523, 4)
27183	(2746, 4)
31080	(1515, 2)
16222	(1046, 2)
31196	(1708, 3)
24994	(842, 2)
35054	(4470, 4)
35122	(512, 2)
32959	(1446, 3)
28432	(1615, 2)
14672	(2250, 2)
33143	(4758, 1)
28369	(1115, 1)
30605	(1395, 2)
16475	(2271, 2)
33294	(814, 1)
15091	(290, 1)
26512	(905, 2)
27493	(1767, 2)
35368	(4722, 5)
32251	(4213, 4)
31247	(1342, 2)
33387	(1264, 3)
19632	(661, 1)
26929	(1497, 3)
28079	(280, 1)
31438	(381, 1)
28721	(724, 1)
26808	(80, 1)
31276	(69, 1)
35586	(4293, 4)
30315	(74, 1)
29385	(76, 1)
30207	(3032, 3)
31570	(211, 1)
34238	(2094, 2)
35219	(1762, 4)
34145	(1440, 2)
30647	(499, 1)
35215	(1301, 2)
32651	(5045, 6)
35284	(3321, 5)
27754	(562, 1)
26568	(609, 3)
31217	(2207, 4)
28707	(672, 1)
34022	(468, 1)
30645	(2758, 4)
33916	(3765, 6)
34203	(1033, 2)
28249	(1740, 4)
26534	(6207, 4)
19092	(1036, 2)
33005	(604, 1)
29073	(3650, 5)
18621	(956, 2)
14657	(1082, 1)
24336	(2050, 3)
34416	(6221, 8)
15556	(525, 2)
34104	(857, 2)
28431	(296, 1)
30922	(299, 1)
18520	(185, 1)
28731	(5127, 4)
28279	(1046, 2)
35380	(5507, 5)
30221	(278, 1)
21075	(4469, 5)
31565	(2710, 4)
18870	(372, 1)
32244	(1448, 3)
33335	(1047, 3)
35309	(3305, 3)
28653	(1884, 2)
25697	(1808, 2)
35199	(3540, 8)
32392	(336, 1)
18655	(2104, 3)
30379	(358, 2)
18416	(356, 2)
33757	(869, 1)
34336	(3585, 4)
14648	(4025, 5)
27652	(1322, 2)
25079	(2035, 2)
20880	(1196, 4)
19499	(924, 2)
25074	(1956, 2)
16119	(1951, 3)
20184	(113, 1)
27314	(2287, 3)
32463	(2045, 4)
17772	(1955, 2)
25436	(2199, 2)
19005	(186, 1)
29892	(2323, 1)
34292	(1024, 2)
25148	(438, 1)
30926	(4119, 4)
26875	(1011, 2)
34240	(2766, 5)
32546	(1251, 2)
14579	(704, 2)
27042	(1259, 4)
31937	(348, 1)
28833	(787, 1)
21653	(1594, 2)
33577	(2262, 3)
18615	(786, 2)
17088	(1168, 3)
32374	(180, 1)
25097	(306, 1)
33220	(1932, 3)
19544	(654, 2)
35001	(1373, 3)
28387	(867, 2)
32060	(2393, 2)
16765	(2385, 2)
17245	(788, 1)
16876	(1807, 4)
32591	(1033, 1)
35011	(1006, 1)
28095	(1175, 2)
33422	(321, 1)
31540	(2151, 4)
30421	(1209, 2)
16070	(370, 2)
30838	(442, 2)
26078	(2718, 3)
29684	(180, 1)
19769	(2046, 3)
27820	(583, 1)
26590	(1125, 3)
18256	(357, 1)
19087	(478, 1)
27878	(2368, 3)
28987	(1799, 3)
30146	(346, 1)
28812	(939, 2)
30153	(2976, 3)
17622	(1708, 1)
30583	(797, 2)
35178	(1087, 2)
35304	(138, 1)
32147	(1665, 4)
27971	(5973, 4)
27660	(2502, 4)
15045	(1947, 2)
30887	(261, 1)
32459	(524, 2)
30099	(1204, 3)
34056	(1524, 2)
21105	(970, 1)
35167	(4077, 5)
33118	(2095, 3)
34956	(4199, 4)
20337	(556, 2)
30141	(2785, 5)
27363	(1717, 2)
27251	(365, 1)
19135	(2375, 3)
34971	(3593, 5)
16809	(726, 2)
16467	(1252, 3)
32947	(2264, 3)
33993	(1763, 4)
33235	(524, 2)
31431	(1077, 2)
30388	(551, 1)
32322	(1582, 3)
26537	(442, 1)
25181	(1420, 2)
28384	(946, 1)
30994	(603, 2)
30133	(785, 2)
32672	(384, 1)
26002	(805, 2)
28248	(619, 4)
32435	(1495, 1)
28649	(1645, 2)
17348	(2147, 3)
32489	(857, 2)
35016	(4556, 4)
31409	(817, 1)
32586	(1795, 2)
32304	(386, 2)
35228	(3227, 4)
19975	(542, 1)
19464	(1018, 1)
17146	(1010, 2)
17249	(4437, 7)
34367	(1159, 2)
27055	(246, 1)
26464	(1921, 3)
35123	(1024, 3)
28161	(1420, 1)
34204	(1034, 2)
30000	(739, 2)
30594	(7003, 6)
35359	(572, 1)
29895	(3172, 2)
34089	(2165, 1)
21183	(625, 1)
33175	(634, 2)
30489	(2647, 2)
27356	(2135, 4)
35596	(1183, 2)
30473	(1036, 2)
17892	(2392, 3)
33832	(2867, 4)
18479	(304, 1)
35088	(6459, 5)
27997	(249, 1)
19417	(2312, 3)
21502	(470, 1)
29044	(666, 1)
17139	(3183, 3)
20782	(2424, 1)
32095	(408, 1)
19322	(4640, 4)
29929	(681, 1)
32562	(896, 1)
26960	(1145, 2)
30734	(3822, 4)
15705	(1018, 1)
31002	(2218, 2)
28955	(795, 1)
32046	(1793, 3)
28808	(1603, 2)
33973	(1924, 2)
29899	(703, 2)
32791	(659, 2)
18700	(1722, 2)
33237	(2826, 5)
30230	(646, 1)
32419	(344, 1)
18161	(4186, 5)
14773	(611, 1)
24897	(297, 1)
14593	(269, 2)
28240	(3696, 4)
27998	(516, 2)
30197	(1483, 3)
30725	(1811, 2)
32835	(226, 1)
16443	(4359, 4)
15288	(708, 1)
30996	(4071, 5)
31348	(2713, 2)
25167	(1833, 3)
21498	(1351, 2)
25504	(759, 1)
17993	(2478, 4)
21674	(2643, 4)
20621	(779, 2)
26699	(2182, 3)
34200	(1243, 2)
30590	(959, 1)
25285	(1537, 2)
28426	(742, 2)
32150	(2914, 4)
35200	(774, 2)
15707	(1203, 2)
32119	(934, 2)
34920	(4806, 3)
18625	(3876, 2)
20317	(1352, 4)
28272	(3263, 2)
34916	(146, 1)
28013	(735, 2)
32625	(923, 2)
31997	(2694, 2)
28316	(10123, 7)
25065	(322, 1)
27052	(1902, 2)
17699	(1147, 2)
28468	(1326, 2)
32481	(1087, 2)
29015	(269, 1)
29170	(5545, 5)
15901	(3840, 3)
33640	(924, 2)
30262	(1608, 3)
33827	(1319, 1)
25283	(1818, 2)
30890	(1314, 2)
35029	(1031, 2)
28947	(2476, 2)
34412	(348, 1)
17528	(715, 2)
17131	(2778, 2)
34050	(1184, 2)
30061	(1465, 2)
33213	(1745, 3)
17053	(2905, 2)
33614	(1317, 4)
18433	(1844, 2)
35592	(317, 1)
33990	(1989, 2)
25156	(160, 1)
27877	(2411, 4)
29940	(1093, 1)
31240	(147, 1)
27510	(1116, 2)
15237	(1505, 2)
27564	(2983, 5)
33268	(2022, 3)
32893	(1997, 3)
19389	(4565, 4)
32406	(1785, 4)
15629	(2778, 2)
17656	(533, 2)
29935	(3345, 4)
33468	(4124, 4)
29311	(1109, 2)
20307	(719, 2)
31360	(1400, 2)
15163	(1645, 2)
33083	(3558, 4)
19671	(3098, 2)
16595	(1130, 3)
14986	(291, 2)
17233	(248, 1)
34215	(2726, 3)
33943	(926, 2)
15176	(2918, 4)
21313	(1050, 2)
15822	(2528, 5)
32415	(737, 1)
30580	(1056, 2)
31066	(1884, 3)
27792	(1651, 4)
35245	(749, 2)
32161	(668, 2)
21278	(1789, 2)
28574	(2284, 2)
34299	(3238, 6)
26761	(1700, 3)
27599	(3943, 4)
33293	(594, 2)
19809	(5317, 6)
33368	(7113, 8)
17583	(393, 1)
29861	(869, 1)
33051	(683, 2)
27967	(616, 1)
27984	(1359, 3)
33033	(1732, 1)
32889	(557, 1)
25919	(258, 1)
15296	(1096, 2)
24763	(1504, 4)
29372	(293, 1)
35113	(3035, 3)
33082	(1558, 4)
16150	(5162, 5)
17105	(3603, 4)
35000	(3272, 2)
33374	(2106, 2)
27369	(2758, 2)
31524	(1035, 3)
31200	(214, 1)
20166	(796, 1)
34329	(2106, 4)
17022	(230, 1)
28452	(3508, 3)
21585	(973, 2)
29739	(435, 1)
19873	(527, 1)
26028	(4818, 3)
30962	(744, 1)
35386	(556, 2)
34110	(3764, 4)
35022	(4090, 6)
15008	(1479, 3)
17786	(1281, 2)
26724	(400, 1)
25718	(1538, 3)
33079	(746, 1)
25955	(227, 1)
33212	(1193, 1)
16881	(707, 2)
30166	(276, 1)
28145	(1029, 1)
28011	(497, 1)
35313	(4025, 6)
25205	(1600, 2)
25966	(1487, 2)
15195	(1102, 2)
32754	(3419, 6)
33951	(1352, 2)
15138	(251, 1)
29760	(1310, 2)
30358	(1233, 4)
31673	(2469, 3)
35347	(1858, 2)
33112	(838, 1)
32964	(3757, 4)
30331	(2593, 2)
15462	(741, 1)
31397	(3302, 4)
35390	(1066, 2)
28019	(5688, 4)
17185	(431, 2)
28094	(2074, 3)
14790	(529, 1)
33934	(2497, 2)
33419	(1449, 4)
32860	(1797, 3)
33404	(3296, 4)
18310	(171, 1)
34960	(2432, 2)
31058	(894, 1)
31788	(405, 1)
27626	(2117, 3)
26863	(1039, 1)
33648	(1584, 3)
27819	(3006, 2)
33647	(2354, 4)
21108	(1684, 2)
35049	(1125, 1)
32662	(1289, 2)
32066	(3400, 4)
28454	(2357, 3)
33655	(323, 1)
27489	(2452, 4)
28310	(1020, 2)
15019	(5195, 4)
35204	(1123, 3)
24747	(376, 1)
17036	(1066, 2)
25465	(1404, 2)
27712	(1735, 1)
32588	(482, 2)
20560	(1490, 4)
32809	(1726, 2)
20535	(1153, 3)
28747	(3254, 3)
33170	(1930, 2)
29093	(4573, 6)
30201	(1362, 2)
29418	(1285, 1)
29862	(567, 2)
28255	(983, 2)
19172	(3255, 4)
33309	(1046, 1)
25717	(298, 2)
33847	(875, 1)
35066	(2926, 4)
19267	(2593, 2)
20239	(1576, 2)
35058	(3204, 4)
32739	(1327, 1)
34133	(960, 2)
28868	(1820, 3)
29794	(1106, 1)
30924	(1495, 2)
17324	(1349, 3)
32335	(209, 1)
33193	(810, 2)
30593	(844, 1)
25870	(1229, 1)
31473	(2409, 2)
20610	(451, 1)
14720	(388, 2)
34323	(4004, 4)
16755	(1966, 3)
16035	(2329, 3)
28654	(1503, 3)
35118	(1254, 1)
32702	(1896, 3)
27562	(2998, 3)
31580	(1025, 2)
27743	(383, 1)
17189	(424, 1)
30479	(4508, 3)
34332	(6523, 8)
27672	(316, 1)
27941	(3194, 4)
32543	(2110, 2)
16588	(2578, 4)
18207	(3682, 3)
20158	(1207, 2)
17062	(2836, 4)
16974	(425, 1)
33591	(2788, 3)
27514	(1591, 2)
32969	(743, 2)
32709	(865, 2)
26644	(3386, 2)
20011	(2784, 3)
35053	(729, 2)
27031	(2414, 2)
30144	(3946, 4)
29425	(330, 1)
28159	(577, 1)
28060	(1780, 2)
20323	(1099, 2)
27527	(2735, 3)
28390	(585, 2)
27161	(1392, 2)
28903	(722, 1)
25958	(2185, 3)
26773	(1686, 2)
16859	(330, 2)
34011	(1560, 1)
32318	(4989, 5)
28863	(846, 1)
19304	(1244, 5)
26919	(592, 1)
15693	(2064, 1)
30468	(1295, 3)
26447	(710, 2)
30528	(3542, 3)
30880	(528, 1)
28271	(497, 1)
28982	(614, 2)
20896	(4072, 4)
27629	(3273, 2)
14919	(1729, 1)
15553	(620, 1)
15598	(583, 1)
25817	(2065, 3)
28334	(1551, 2)
32744	(1028, 2)
29954	(3317, 4)
32404	(3269, 2)
33905	(3557, 3)
34390	(426, 1)
30533	(1592, 1)
29948	(570, 1)
32559	(9876, 7)
24959	(758, 1)
30359	(3886, 4)
14832	(158, 1)
21018	(1012, 1)
34257	(530, 1)
34941	(1663, 4)
27862	(1304, 1)
18658	(1742, 1)
16125	(3302, 3)
30208	(824, 1)
34016	(4416, 3)
18542	(2394, 2)
34118	(1431, 3)
31226	(5394, 6)
29749	(1907, 1)
26924	(1801, 2)
21035	(460, 1)
30739	(569, 2)
30944	(799, 3)
28907	(2205, 2)
30571	(613, 2)
27627	(652, 1)
21013	(785, 2)
19966	(2379, 3)
28231	(550, 1)
34379	(4049, 4)
19002	(624, 2)
32648	(753, 2)
20271	(553, 1)
25710	(1732, 2)
17551	(1635, 2)
27870	(4305, 4)
32008	(826, 2)
34153	(2956, 4)
28374	(968, 1)
34970	(1691, 2)
33277	(2383, 4)
33595	(836, 2)
21246	(1688, 2)
30023	(1690, 1)
17043	(1402, 2)
33042	(871, 1)
16761	(952, 2)
27118	(383, 1)
27571	(942, 1)
17589	(402, 1)
33028	(1373, 1)
16243	(1388, 2)
28074	(487, 2)
20290	(660, 1)
29965	(916, 2)
25202	(1599, 2)
25493	(1987, 2)
17238	(907, 2)
25603	(1188, 2)
27674	(1414, 3)
15251	(834, 2)
17682	(1260, 3)
32740	(490, 1)
33149	(1861, 2)
34993	(454, 1)
26794	(1258, 2)
19259	(3694, 4)
34968	(2306, 4)
29426	(897, 1)
31133	(302, 1)
21200	(1602, 2)
25338	(892, 1)
30009	(1463, 1)
16973	(1133, 2)
21166	(1383, 2)
27939	(842, 1)
18620	(1673, 1)
21052	(805, 2)
33453	(1569, 3)
31246	(730, 1)
29143	(2941, 2)
16739	(1247, 2)
15248	(1471, 1)
34068	(844, 2)
32187	(2105, 4)
27115	(2451, 2)
30084	(1496, 1)
30035	(4527, 5)
35075	(910, 2)
32520	(3476, 2)
18292	(444, 1)
15771	(5080, 6)
29754	(793, 1)
27946	(1727, 2)
18523	(451, 1)
29730	(1330, 1)
32213	(538, 1)
33291	(2409, 2)
25881	(2520, 4)
30251	(3156, 2)
31476	(2251, 3)
27210	(1502, 2)
30525	(546, 1)
17940	(504, 1)
14817	(870, 2)
32157	(2233, 3)
25968	(3102, 2)
15690	(1725, 2)
33730	(404, 1)
27797	(2962, 2)
30987	(2737, 4)
34086	(459, 1)
26134	(1412, 1)
20812	(591, 2)
34976	(464, 2)
34369	(4448, 6)
34151	(2010, 3)
15632	(319, 1)
17431	(1326, 3)
20035	(967, 2)
27821	(1142, 2)
32690	(1438, 1)
32345	(2210, 4)
32285	(2572, 3)
21231	(663, 1)
31383	(2167, 2)
30090	(1382, 2)
34986	(3698, 3)
28841	(1416, 2)
33248	(238, 1)
33348	(3742, 4)
31894	(2384, 3)
33265	(708, 1)
29382	(896, 2)
32259	(2926, 2)
32578	(2026, 2)
20264	(4431, 4)
31082	(2413, 3)
28570	(327, 1)
26775	(457, 1)
16887	(1249, 2)
17443	(208, 1)
33771	(3131, 2)
28396	(548, 1)
14858	(2639, 4)
27638	(494, 2)
19281	(1116, 2)
31167	(508, 1)
31352	(1124, 2)
20607	(1082, 2)
21054	(1513, 2)
33597	(625, 1)
32451	(2662, 5)
20766	(1648, 2)
15258	(2882, 3)
20748	(278, 1)
30825	(2481, 2)
16855	(753, 1)
28581	(1338, 1)
19450	(1978, 1)
34041	(1000, 1)
18911	(4734, 4)
31995	(4580, 4)
33239	(4628, 4)
27872	(3738, 3)
14694	(438, 1)
16574	(982, 2)
30888	(1067, 1)
27074	(1601, 2)
31105	(890, 2)
32927	(1567, 2)
18040	(593, 1)
29720	(2834, 2)
30614	(866, 1)
31658	(1755, 2)
34315	(1878, 2)
33031	(412, 1)
25665	(892, 2)
35229	(5244, 6)
32346	(4948, 6)
16195	(1068, 2)
15098	(1179, 3)
19621	(3080, 4)
28051	(5673, 4)
26990	(3280, 2)
32077	(1148, 2)
28839	(1917, 1)
25492	(835, 2)
31582	(582, 2)
21345	(1880, 2)
15734	(1223, 1)
25918	(1873, 2)
16484	(674, 1)
16127	(1906, 2)
34359	(4933, 4)
16421	(833, 1)
16512	(1630, 3)
30038	(4694, 5)
16753	(216, 1)
28599	(1853, 3)
30152	(1195, 2)
18779	(4782, 5)
14654	(253, 1)
18488	(754, 2)
31011	(2473, 3)
34212	(949, 1)
34383	(2567, 2)
28341	(2967, 2)
32351	(1797, 2)
20280	(783, 1)
18394	(877, 1)
27030	(1198, 1)
21120	(1032, 1)
18774	(1276, 2)
31941	(1762, 2)
30432	(3761, 2)
28073	(216, 1)
29696	(351, 1)
28569	(3324, 5)
35084	(1400, 2)
20823	(2606, 2)
35078	(965, 3)
27666	(316, 1)
31130	(992, 2)
32897	(2902, 4)
35134	(2491, 4)
33133	(1580, 3)
16276	(248, 1)
27189	(1111, 1)
27355	(901, 1)
25043	(2080, 2)
26086	(811, 1)
28838	(1592, 4)
35379	(3451, 4)
17477	(3213, 2)
29857	(1027, 1)
32336	(312, 1)
34120	(2952, 3)
29883	(1302, 2)
32250	(1525, 2)
34402	(543, 1)
17011	(891, 1)
27359	(1901, 2)
29902	(2966, 4)
33958	(252, 1)
15738	(2506, 2)
34280	(526, 1)
26401	(2488, 3)
20224	(2407, 3)
31500	(735, 2)
33159	(3516, 4)
32178	(2051, 2)
33060	(806, 1)
15415	(2021, 2)
16663	(648, 1)
16819	(549, 1)
18580	(1052, 2)
18877	(1568, 2)
28991	(2199, 1)
15829	(635, 1)
32965	(2850, 2)
29115	(3533, 3)
31218	(2953, 2)
28498	(4436, 5)
19568	(1813, 2)
16143	(332, 1)
18195	(1082, 2)
33599	(2536, 3)
16312	(418, 1)
32449	(1064, 1)
21360	(1348, 2)
34849	(1009, 1)
15711	(3000, 3)
27840	(2931, 3)
32395	(158, 1)
26368	(613, 2)
15986	(2936, 4)
32992	(279, 1)
27268	(1700, 2)
28116	(1853, 4)
19894	(618, 2)
16738	(938, 1)
30309	(669, 2)
34137	(5375, 6)
32967	(816, 2)
30702	(5141, 4)
16474	(1035, 2)
16835	(573, 2)
17580	(806, 1)
34918	(2236, 4)
35225	(916, 2)
35384	(2836, 4)
33610	(376, 1)
20690	(911, 1)
29177	(2102, 3)
29169	(1324, 2)
25653	(414, 1)
15962	(574, 1)
29339	(2014, 4)
18858	(859, 1)
32879	(292, 1)
35120	(1618, 3)
29420	(793, 1)
18901	(4120, 4)
19019	(421, 1)
20359	(923, 2)
33338	(1066, 2)
18982	(2866, 5)
19129	(213, 1)
32479	(4623, 4)
28297	(485, 2)
21367	(1603, 3)
24974	(1512, 2)
28500	(1806, 2)
17929	(2890, 2)
15096	(772, 1)
27442	(1101, 1)
17578	(2123, 3)
29947	(1039, 2)
32619	(1025, 2)
25108	(3238, 2)
26399	(1887, 2)
32788	(981, 2)
27004	(1928, 2)
21309	(4881, 4)
31332	(5894, 5)
16045	(318, 1)
29878	(3420, 4)
26449	(399, 1)
35312	(6724, 4)
32376	(2196, 2)
25198	(1090, 2)
15084	(588, 1)
17901	(951, 2)
24883	(425, 2)
29848	(819, 2)
20761	(3320, 3)
35306	(323, 1)
26630	(956, 3)
16585	(479, 2)
33834	(451, 1)
17902	(1863, 2)
28647	(770, 2)
33554	(1007, 2)
35063	(2688, 2)
30056	(4063, 3)
28702	(2745, 5)
16242	(765, 2)
32558	(2155, 5)
29744	(397, 1)
31004	(966, 3)
34167	(649, 2)
14775	(3636, 3)
14909	(2045, 2)
32089	(2979, 4)
15655	(2350, 2)
34312	(2583, 4)
34059	(764, 2)
14940	(578, 2)
19527	(1910, 3)
19563	(316, 1)
27789	(5538, 5)
28625	(1013, 1)
33911	(564, 2)
14857	(3684, 2)
26097	(3740, 4)
19691	(816, 2)
30600	(303, 1)
33767	(634, 1)
19643	(3884, 4)
34077	(1894, 3)
27675	(4192, 4)
27480	(4874, 8)
30699	(1944, 2)
33748	(823, 2)
17517	(1815, 2)
20306	(736, 1)
16553	(5118, 4)
30893	(541, 2)
35388	(1609, 2)
30170	(1064, 2)
15827	(2619, 2)
32414	(241, 1)
27309	(1334, 2)
16866	(593, 2)
34370	(5962, 7)
29742	(410, 1)
34297	(1266, 1)
28535	(1725, 2)
28745	(2341, 1)
33134	(1924, 2)
30260	(2127, 4)
35042	(813, 2)
33890	(1039, 1)
25527	(748, 2)
25076	(2288, 2)
20518	(1004, 2)
18498	(555, 1)
33532	(711, 2)
28358	(1461, 2)
33249	(1916, 2)
20832	(1038, 1)
33021	(182, 1)
19750	(1081, 2)
15561	(2532, 3)
15087	(1047, 1)
30918	(1335, 2)
28575	(1953, 2)
32096	(2019, 2)
25551	(583, 1)
19392	(179, 1)
18192	(423, 1)
34912	(4354, 4)
31275	(451, 2)
25967	(737, 2)
30177	(938, 2)
18626	(1083, 1)
29343	(4329, 3)
33346	(1173, 2)
32542	(4465, 4)
30586	(1248, 2)
30498	(535, 1)
31235	(3200, 2)
20225	(1445, 2)
34981	(2812, 4)
17436	(4626, 5)
20137	(1708, 2)
34967	(1033, 2)
21084	(1008, 2)
25300	(4818, 4)
18466	(722, 2)
28243	(1791, 2)
31203	(3121, 2)
25995	(2251, 4)
21661	(1220, 2)
18347	(2865, 3)
33605	(202, 1)
33539	(1413, 2)
20844	(1469, 2)
15313	(659, 1)
27850	(821, 1)
32219	(188, 1)
33287	(469, 1)
28732	(1471, 2)
34207	(601, 1)
28532	(2243, 2)
25296	(2177, 6)
21089	(920, 2)
31140	(1192, 2)
26980	(1638, 2)
32950	(691, 2)
15278	(3080, 4)
15574	(1071, 1)
33937	(1784, 2)
34253	(2945, 4)
33089	(1731, 3)
32091	(1205, 1)
29008	(3999, 1)
15378	(6627, 6)
17838	(1636, 2)
15432	(986, 2)
32110	(2571, 2)
30184	(1974, 2)
14741	(1178, 2)
18577	(906, 3)
33353	(280, 1)
29978	(1948, 2)
30566	(8815, 6)
30875	(3227, 4)
35290	(2067, 2)
26140	(1074, 2)
20600	(1025, 2)
32301	(1174, 2)
29714	(2795, 4)
21601	(1980, 2)
28872	(811, 2)
18721	(2026, 3)
19555	(1065, 2)
31114	(1387, 2)
19323	(4062, 4)
34404	(943, 1)
15753	(1031, 2)
21579	(1211, 1)
15194	(3857, 2)
29891	(1943, 3)
19265	(1803, 2)
33835	(3800, 4)
28188	(1007, 2)
34115	(1046, 2)
31814	(806, 1)
16535	(3283, 4)
27813	(729, 2)
18141	(393, 1)
27884	(3837, 4)
33073	(845, 1)
27288	(1534, 3)
17984	(687, 1)
21140	(1096, 1)
25365	(1846, 3)
35177	(1522, 2)
14559	(751, 1)
31026	(1252, 2)
31642	(359, 2)
19596	(1387, 2)
21429	(1163, 1)
28604	(447, 1)
29979	(815, 1)
17508	(1560, 1)
25286	(4056, 5)
19024	(1952, 2)
33850	(3282, 4)
19303	(2180, 5)
33886	(694, 2)
34131	(1068, 1)
29089	(211, 1)
32575	(983, 1)
27854	(519, 1)
17748	(263, 1)
31154	(954, 4)
18337	(1432, 2)
34963	(1723, 4)
15053	(2321, 2)
30081	(896, 2)
28694	(1370, 2)
19767	(809, 1)
33172	(3726, 6)
26810	(600, 1)
15600	(2873, 3)
33913	(2057, 3)
34313	(4736, 5)
30078	(3830, 3)
20229	(3208, 4)
27962	(1391, 3)
15482	(606, 1)
17002	(684, 2)
30785	(5907, 4)
30622	(306, 1)
34254	(1811, 2)
16087	(2076, 4)
18660	(711, 2)
31979	(189, 1)
25561	(2520, 4)
34318	(4233, 5)
30416	(1186, 3)
31889	(952, 3)
32347	(2871, 2)
27935	(1996, 3)
17945	(2941, 3)
33930	(1706, 2)
20519	(596, 1)
21026	(1813, 2)
18831	(266, 1)
15849	(1413, 3)
18739	(2333, 3)
26974	(3428, 2)
28735	(2700, 3)
28528	(998, 2)
16959	(177, 1)
30687	(4330, 4)
16877	(1791, 3)
17915	(2019, 3)
25038	(4722, 4)
31492	(3749, 3)
17365	(502, 1)
17083	(3020, 6)
25649	(2548, 4)
28673	(2420, 5)
15167	(688, 1)
29190	(987, 1)
26039	(1723, 2)
15939	(299, 1)
16238	(939, 2)
28133	(3389, 4)
34117	(930, 2)
29974	(3840, 4)
27503	(1157, 2)
16958	(1932, 2)
33063	(1687, 2)
32598	(1548, 2)
25655	(1985, 4)
32956	(3332, 4)
17434	(939, 2)
32068	(1566, 2)
15434	(2209, 2)
32664	(1329, 2)
25491	(259, 1)
19571	(718, 1)
28928	(102, 1)
35275	(72, 1)
16764	(1744, 4)
33849	(3617, 6)
24917	(781, 2)
26083	(4922, 4)
30005	(1972, 4)
30261	(4363, 4)
25993	(1004, 2)
18818	(2582, 2)
33164	(2839, 2)
29741	(413, 2)
20952	(1679, 2)
28568	(1068, 2)
19093	(1016, 1)
28010	(4962, 3)
16723	(770, 2)
16006	(3234, 2)
26823	(553, 2)
34955	(1336, 1)
15846	(824, 2)
29172	(1053, 2)
19822	(788, 2)
19155	(8326, 3)
21087	(706, 1)
29319	(1575, 3)
15209	(878, 1)
30071	(5424, 4)
32886	(1719, 2)
27199	(4583, 6)
20908	(1949, 2)
28646	(1870, 2)
32500	(2191, 4)
16814	(1592, 2)
16114	(772, 2)
18798	(1075, 2)
27891	(2842, 2)
18749	(5581, 3)
16300	(2635, 2)
28514	(2904, 4)
20061	(653, 1)
31965	(1173, 2)
33600	(527, 1)
19491	(1679, 2)
31102	(2726, 6)
15014	(4373, 3)
27209	(575, 2)
32954	(1184, 2)
31150	(516, 2)
15877	(609, 2)
25478	(324, 2)
34862	(3913, 6)
30175	(721, 2)
24936	(2019, 2)
14833	(2662, 2)
28996	(1390, 2)
30142	(1375, 2)
34177	(1216, 2)
33563	(969, 1)
30307	(1639, 2)
35050	(3049, 5)
33845	(2381, 3)
15456	(1178, 2)
33837	(2805, 4)
31091	(4491, 2)
27662	(2099, 3)
34377	(916, 2)
30074	(4484, 6)
30567	(1904, 4)
26650	(924, 2)
20513	(1992, 4)
25533	(3513, 4)
31173	(996, 2)
17121	(3094, 4)
31337	(985, 2)
28488	(2149, 2)
33679	(2567, 3)
32716	(3972, 4)
20212	(2849, 2)
27241	(1348, 2)
34302	(496, 2)
30972	(1105, 2)
19519	(1835, 2)
27281	(1765, 3)
17850	(1215, 2)
33857	(3240, 4)
30244	(3664, 3)
15063	(4847, 7)
18085	(618, 2)
20255	(2974, 2)
32953	(3630, 4)
26712	(763, 2)
20208	(1701, 2)
18759	(2189, 2)
25887	(1817, 2)
35106	(3611, 4)
28442	(3811, 4)
15023	(3412, 4)
17799	(1252, 2)
35358	(6239, 5)
32033	(1864, 2)
26390	(1566, 2)
19404	(299, 2)
19505	(2262, 4)
28572	(2654, 4)
35294	(10119, 4)
33379	(3035, 4)
35377	(469, 2)
25976	(2387, 4)
25274	(1240, 3)
34252	(1224, 2)
15608	(949, 2)
26530	(470, 2)
21481	(2082, 2)
34820	(1346, 2)
28576	(1845, 2)
28644	(3031, 4)
27312	(4196, 5)
17264	(3247, 3)
28405	(2303, 3)
21698	(783, 2)
31421	(1115, 3)
32393	(1754, 2)
30469	(2139, 3)
15417	(1300, 2)
33258	(2012, 2)
34342	(2694, 3)
28876	(1613, 1)
28071	(3513, 2)
28637	(1530, 2)
26489	(2145, 3)
32991	(265, 2)
32320	(625, 2)
32233	(4341, 3)
30415	(1248, 3)
14862	(1349, 2)
19892	(1603, 2)
35179	(1697, 2)
32935	(1492, 4)
29721	(2061, 2)
29324	(4445, 4)
34127	(1021, 2)
30954	(762, 2)
32669	(2722, 2)
32029	(2297, 2)
15009	(3386, 4)
19908	(1218, 1)
35323	(1719, 2)
30907	(896, 2)
34987	(2704, 4)
19826	(556, 1)
27630	(2847, 2)
30145	(1381, 2)
35183	(1427, 3)
34372	(2581, 2)
16845	(1288, 2)
30450	(593, 2)
28589	(2054, 4)
33103	(496, 2)
21175	(1493, 2)
30952	(2215, 4)
21781	(1870, 2)
28526	(2481, 4)
25250	(6021, 5)
28329	(859, 2)
27741	(1374, 2)
30747	(1389, 2)
19792	(1083, 1)
18432	(1100, 2)
15978	(958, 2)
19194	(1070, 3)
16796	(1684, 2)
32081	(3210, 4)
29160	(669, 2)
33044	(1141, 2)
16345	(991, 2)
21097	(900, 2)
18732	(631, 2)
16250	(1384, 2)
32288	(2101, 2)
30813	(1774, 2)
21275	(442, 2)
34326	(1818, 2)
16458	(3140, 4)
28816	(1490, 2)
30581	(2024, 4)
17600	(3331, 2)
16136	(748, 2)
20201	(1580, 2)
31067	(1095, 2)
18291	(1866, 2)
26911	(2690, 4)
29396	(1482, 2)
28265	(1969, 4)
34234	(4038, 2)
32834	(1204, 2)
21048	(4393, 4)
35143	(5904, 7)
35099	(2541, 2)
35267	(2882, 2)
32349	(1369, 4)
28912	(1725, 2)
19086	(1956, 2)
28104	(3175, 5)
25838	(791, 2)
32944	(1197, 2)
31109	(441, 2)
25939	(4177, 4)
35174	(680, 2)
32429	(576, 1)
32545	(2313, 3)
26780	(948, 2)
30364	(1699, 1)
25010	(3551, 5)
33587	(3806, 3)
16828	(2282, 3)
33662	(334, 1)
31288	(1345, 2)
32638	(3355, 2)
27581	(1398, 4)
27170	(4099, 4)
30355	(4318, 2)
31253	(1751, 2)
18171	(1025, 1)
26034	(1330, 2)
16253	(1642, 4)
26674	(903, 2)
18954	(263, 2)
29092	(691, 2)
29769	(2269, 2)
16147	(3328, 2)
27228	(764, 2)
33455	(3592, 4)
29853	(1368, 2)
34188	(876, 2)
15093	(1033, 2)
20837	(1504, 2)
18093	(452, 4)
32657	(570, 2)
33896	(636, 1)
14530	(1942, 2)
16434	(423, 2)
29310	(955, 2)
31586	(5365, 6)
20120	(880, 2)
17719	(1149, 2)
25227	(2340, 3)
26851	(1458, 2)
15637	(2211, 2)
25218	(543, 1)
26901	(1033, 2)
34075	(4161, 4)
34147	(5663, 4)
15027	(1624, 4)
26910	(1962, 4)
33261	(2706, 2)
19761	(412, 1)
19466	(1712, 4)
31142	(3519, 3)
33337	(2901, 2)
30377	(1227, 2)
25224	(1943, 2)
16229	(6076, 4)
35048	(1262, 2)
21873	(884, 2)
32471	(4669, 7)
26731	(1646, 2)
14636	(1725, 2)
17363	(512, 2)
18026	(1263, 2)
32354	(1208, 2)
27673	(1245, 2)
28402	(3198, 2)
34046	(2372, 2)
17346	(3690, 5)
18360	(4338, 4)
15270	(3063, 4)
26554	(1318, 2)
20322	(3753, 4)
33174	(519, 2)
30745	(7774, 6)
35156	(5081, 6)
17878	(425, 2)
27187	(2008, 2)
32180	(814, 2)
25503	(1214, 2)
26013	(1635, 2)
16582	(967, 2)
26886	(1348, 2)
35327	(4981, 6)
16004	(3170, 2)
30688	(1705, 4)
27305	(1795, 2)
15525	(532, 2)
29897	(924, 2)
28582	(910, 2)
33295	(2014, 4)
31222	(1884, 2)
16188	(5071, 5)
17174	(608, 3)
15892	(972, 2)
31474	(624, 2)
27142	(3404, 4)
29020	(3088, 4)
18335	(691, 2)
27452	(1107, 2)
28483	(1055, 2)
18297	(1829, 2)
19363	(3910, 4)
29054	(2736, 3)
27361	(1699, 2)
31258	(1353, 1)
28916	(522, 2)
28130	(1429, 2)
34181	(2816, 4)
32240	(1306, 2)
16657	(395, 2)
27360	(3451, 4)
30848	(539, 2)
17020	(1369, 2)
34171	(933, 2)
31190	(1589, 1)
31163	(1708, 2)
19354	(4061, 4)
18753	(4536, 6)
27465	(4262, 4)
31605	(728, 2)
15537	(2464, 2)
33187	(2192, 4)
35362	(1853, 2)
18107	(1712, 2)
25748	(1921, 2)
18402	(958, 2)
31088	(3497, 4)
21146	(981, 2)
31297	(1542, 2)
18504	(2588, 2)
17490	(795, 1)
34062	(4353, 4)
20347	(1605, 2)
31158	(1110, 2)
29773	(1736, 2)
21230	(1534, 2)
29732	(714, 2)
16211	(6669, 4)
30931	(1597, 2)
31166	(807, 2)
16018	(660, 2)
34848	(1166, 2)
18743	(1986, 2)
21491	(1439, 2)
32055	(4062, 4)
28925	(328, 2)
26838	(4206, 2)
17976	(2827, 2)
29349	(803, 1)
21329	(2552, 4)
35292	(2394, 4)
21353	(1093, 2)
18338	(4614, 5)
28942	(1656, 2)
35147	(2598, 2)
20085	(2603, 2)
35310	(1553, 2)
24802	(1311, 2)
16337	(2481, 2)
31971	(2163, 2)
34373	(2951, 2)
32495	(1111, 2)
26111	(3856, 2)
35091	(2244, 2)
35142	(2819, 3)
25253	(3060, 4)
19370	(411, 2)
27966	(2266, 2)
35109	(3207, 3)
26639	(1606, 4)
34034	(1112, 2)
26352	(2317, 2)
30753	(1892, 2)
19366	(920, 2)
25136	(538, 2)
35247	(651, 2)
21660	(2482, 2)
28746	(4637, 2)
35262	(759, 2)
25540	(1691, 2)
33074	(3343, 4)
18956	(2659, 4)
34846	(1342, 4)
32718	(958, 2)
26577	(2754, 2)
16842	(2702, 4)
15896	(2090, 2)
27490	(3929, 2)
29154	(1784, 2)
17864	(784, 2)
31355	(1013, 2)
25552	(5842, 4)
32828	(628, 2)
20877	(805, 2)
15558	(2726, 2)
25002	(5454, 6)
15264	(2433, 4)
30131	(1147, 3)
29165	(669, 2)
17764	(4839, 4)
28489	(2712, 2)
25648	(671, 2)
30578	(2619, 2)
27364	(2688, 4)
33920	(1904, 2)
29056	(510, 1)
31022	(1422, 2)
17182	(1076, 2)
26624	(5023, 3)
26400	(1433, 2)
15365	(1146, 2)
21667	(2540, 3)
20181	(1647, 2)
25651	(2601, 4)
16078	(1079, 2)
17987	(1286, 2)
33830	(2960, 4)
32750	(1933, 2)
17291	(404, 2)
35375	(5768, 7)
25024	(480, 2)
30842	(701, 2)
25668	(1414, 2)
14819	(7272, 6)
33267	(1456, 3)
19738	(2756, 2)
30274	(1697, 2)
34989	(1386, 2)
25299	(565, 2)
31534	(1340, 2)
14826	(3884, 2)
30632	(820, 1)
25580	(1091, 3)
35326	(675, 2)
33090	(1688, 2)
27705	(397, 1)
16538	(322, 2)
27696	(2805, 6)
18673	(1994, 2)
34341	(1177, 2)
25963	(1496, 2)
18317	(2596, 2)
24937	(2230, 2)
29719	(1624, 2)
17045	(1839, 2)
25650	(2173, 2)
17212	(937, 2)
30911	(1600, 2)
32015	(1772, 2)
15449	(1896, 2)
20990	(1343, 2)
35264	(1954, 2)
15696	(2350, 2)
31382	(865, 2)
14806	(1209, 2)
20121	(2407, 2)
18311	(1789, 2)
16382	(2447, 2)
16924	(1734, 2)
29977	(3260, 4)
33619	(1018, 2)
30317	(3068, 4)
26093	(1672, 2)
28954	(756, 2)
32966	(1243, 2)
16601	(795, 2)
35254	(2460, 5)
33247	(1399, 2)
26104	(924, 1)
35041	(1207, 2)
34017	(577, 2)
27907	(251, 1)
15763	(658, 1)
30795	(510, 2)
35006	(3917, 4)
29403	(2143, 2)
21135	(3028, 4)
32328	(2816, 2)
30486	(589, 2)
27958	(1882, 2)
17288	(2095, 2)
26506	(4817, 5)
16569	(1731, 3)
18071	(539, 2)
33921	(2492, 2)
28651	(4047, 2)
15816	(2102, 2)
20241	(5211, 5)
35473	(3220, 3)
15868	(613, 2)
25879	(4364, 4)
18049	(364, 1)
34408	(794, 2)
15728	(1612, 1)
32566	(2036, 2)
21340	(1641, 2)
18764	(472, 1)
25685	(3950, 3)
31324	(1626, 2)
31661	(4907, 4)
31013	(1087, 2)
33961	(1650, 4)
30799	(3934, 3)
25555	(1404, 2)
19542	(1411, 2)
25889	(1204, 2)
31187	(2103, 2)
32615	(1403, 3)
31204	(2176, 2)
35343	(2834, 2)
33963	(1163, 2)
34863	(6775, 6)
35111	(1383, 2)
30072	(1613, 1)
27246	(1519, 2)
30412	(1864, 2)
18351	(2402, 2)
19647	(1274, 2)
16466	(2586, 2)
18167	(3794, 4)
26524	(1271, 2)
15885	(3008, 2)
27013	(1035, 2)
31982	(1729, 2)
35072	(1582, 2)
14576	(2313, 2)
30808	(4885, 5)
20996	(1248, 2)
20809	(912, 2)
16720	(787, 2)
16471	(4222, 2)
19416	(2867, 4)
32618	(1959, 2)
15663	(2068, 2)
16192	(1914, 2)
17883	(650, 2)
17912	(516, 2)
32494	(3646, 3)
34939	(4764, 4)
20005	(1435, 2)
32487	(1701, 1)
35018	(1244, 2)
29963	(4079, 4)
30156	(912, 2)
34962	(1229, 2)
32422	(506, 2)
33198	(3055, 3)
28203	(1635, 2)
27155	(533, 1)
34109	(1656, 2)
24913	(910, 2)
29932	(493, 2)
32589	(417, 1)
19509	(519, 2)
31093	(703, 2)
28170	(3284, 2)
35365	(1751, 2)
15333	(653, 2)
25643	(4166, 4)
14587	(1276, 2)
32037	(2910, 4)
18572	(1276, 2)
27708	(1041, 2)
15782	(5783, 6)
30004	(1909, 4)
19587	(3393, 3)
27399	(2150, 2)
27783	(1523, 2)
30372	(1104, 2)
32433	(2177, 4)
27213	(3413, 4)
25415	(3080, 4)
30249	(1247, 3)
17571	(1690, 2)
19364	(1757, 2)
27112	(1450, 2)
28722	(851, 2)
31237	(3114, 2)
27904	(373, 2)
15437	(1696, 2)
33817	(3320, 2)
15904	(3886, 2)
14992	(2820, 2)
32877	(2984, 2)
30786	(3854, 2)
19937	(2075, 3)
26982	(2517, 4)
27916	(1395, 2)
20178	(2643, 2)
16988	(1188, 2)
33406	(2468, 2)
25772	(3892, 4)
20834	(920, 2)
19972	(1391, 2)
21122	(944, 2)
15607	(2541, 2)
25843	(93, 1)
25248	(1179, 2)
15367	(721, 2)
26469	(1232, 2)
34250	(5662, 4)
16032	(992, 2)
30947	(2026, 4)
21494	(813, 2)
34029	(4323, 3)
16320	(746, 2)
18860	(2000, 3)
31309	(2109, 2)
15867	(1002, 2)
28696	(2041, 2)
32998	(1232, 2)
31967	(3095, 2)
32837	(1832, 2)
32503	(2296, 2)
21575	(4439, 2)
29779	(383, 1)
34031	(3255, 4)
35083	(3705, 2)
34977	(3828, 2)
28961	(568, 2)
28978	(825, 2)
31007	(1571, 2)
15937	(6049, 3)
19042	(1072, 2)
28081	(3739, 2)
31050	(389, 1)
32820	(3139, 4)
32968	(1278, 2)
28124	(1158, 2)
18368	(1327, 2)
33936	(2279, 2)
15448	(714, 2)
20587	(2251, 2)
19223	(1590, 2)
15469	(687, 2)
33952	(3124, 2)
31953	(2941, 4)
25878	(804, 2)
20772	(3022, 2)
34119	(2245, 2)
28377	(2469, 2)
32416	(819, 1)
26793	(1463, 2)
20315	(961, 2)
17570	(2713, 2)
17523	(1832, 2)
15671	(996, 2)
26894	(2380, 2)
21679	(917, 2)
30303	(2602, 4)
30812	(1047, 2)
18515	(494, 2)
27682	(2109, 2)
32284	(1251, 2)
21320	(2107, 2)
18777	(2910, 4)
17795	(1011, 1)
27709	(3678, 4)
18018	(785, 2)
31057	(361, 1)
17680	(2893, 2)
25292	(3963, 2)
31951	(3415, 2)
35277	(3158, 3)
17005	(473, 2)
33400	(1318, 2)
31398	(1364, 1)
33859	(1427, 2)
27842	(1884, 2)
30426	(3837, 3)
32072	(3939, 2)
17366	(2450, 2)
16815	(5241, 5)
19210	(3830, 4)
18651	(772, 2)
28703	(2452, 4)
15012	(2736, 2)
33211	(2634, 2)
34111	(2277, 2)
31074	(1096, 2)
26671	(1360, 1)
21323	(3351, 2)
30067	(1056, 2)
25853	(1434, 4)
30459	(2775, 2)
18121	(2779, 3)
30559	(5071, 2)
24799	(2460, 2)
17300	(1834, 3)
32387	(1169, 2)
14725	(3767, 3)
31287	(2931, 2)
31830	(2594, 3)
16993	(1399, 2)
21574	(1832, 2)
32276	(585, 2)
32864	(1326, 2)
34964	(5230, 4)
24737	(2170, 2)
32241	(1643, 2)
30073	(761, 2)
32385	(2775, 2)
19245	(1840, 2)
32738	(4171, 4)
19057	(2200, 2)
26480	(3624, 3)
28890	(1060, 2)
33885	(6277, 4)
24940	(3193, 3)
26927	(880, 2)
33681	(1571, 2)
27262	(2432, 2)
24845	(1781, 2)
31671	(1023, 1)
33343	(914, 2)
32874	(691, 2)
35361	(4260, 5)
34838	(1650, 2)
32065	(669, 2)
18872	(670, 2)
32502	(2948, 2)
16214	(1651, 2)
31432	(2860, 3)
17057	(334, 2)
30088	(1864, 2)
29968	(2490, 4)
29561	(1230, 4)
14886	(1120, 2)
28032	(2359, 2)
20319	(1161, 1)
16632	(1111, 3)
17533	(1674, 2)
19272	(1589, 2)
35153	(1088, 3)
21439	(1357, 2)
14647	(1617, 2)
18203	(999, 2)
32937	(2283, 4)
24966	(1780, 2)
31412	(721, 2)
35005	(4665, 4)
16891	(1017, 2)
15493	(929, 2)
30989	(1248, 2)
20312	(471, 1)
17267	(2605, 2)
19225	(1369, 2)
30076	(2451, 1)
30304	(935, 2)
15240	(1676, 2)
30109	(2038, 2)
26451	(1336, 2)
16344	(3644, 2)
33928	(1772, 2)
27622	(2270, 2)
21347	(1906, 2)
18806	(1563, 2)
35374	(2413, 1)
18529	(1846, 2)
30284	(366, 2)
18007	(2076, 2)
29774	(2567, 4)
32535	(2480, 2)
18883	(1639, 3)
28180	(1308, 2)
17992	(480, 2)
25829	(3178, 4)
25914	(661, 1)
28075	(2001, 2)
32258	(2090, 2)
32717	(4238, 2)
25565	(532, 1)
17153	(3022, 2)
25345	(2162, 2)
30843	(1643, 2)
27889	(770, 2)
33020	(1070, 2)
17649	(1583, 2)
33415	(1973, 2)
17322	(1467, 2)
29393	(1121, 2)
26684	(4046, 3)
35240	(738, 2)
28630	(1411, 2)
32417	(1172, 2)
14766	(1182, 2)
32613	(1443, 2)
33130	(1277, 2)
17611	(1400, 2)
26550	(1435, 2)
26697	(863, 2)
31291	(416, 2)
33790	(1870, 2)
27738	(1612, 2)
17120	(755, 2)
27298	(1091, 2)
19440	(893, 2)
33631	(4474, 3)
27525	(1259, 1)
17586	(610, 2)
31493	(1687, 2)
16642	(3324, 3)
33854	(2350, 2)
26048	(809, 2)
32977	(5042, 5)
31101	(1768, 2)
31433	(1142, 2)
33676	(1408, 2)
34170	(1383, 3)
30135	(1461, 2)
32696	(3191, 5)
19355	(654, 1)
14556	(2067, 2)
32565	(1455, 2)
25538	(1055, 2)
16807	(2264, 2)
21523	(3187, 2)
18537	(1291, 2)
34994	(5812, 4)
35015	(4010, 4)
19725	(2624, 2)
17918	(1074, 1)
34348	(2659, 4)
30592	(1138, 2)
20591	(1521, 1)
18978	(1390, 2)
32438	(1864, 2)
32402	(2643, 2)
17874	(678, 1)
30616	(4837, 4)
21380	(601, 2)
33799	(1601, 2)
17244	(3503, 3)
18900	(2557, 2)
20864	(1087, 2)
30641	(1539, 2)
31380	(406, 2)
19288	(763, 2)
34850	(488, 2)
34194	(3821, 3)
34374	(572, 2)
35236	(1460, 3)
15758	(1688, 2)
31420	(1812, 2)
26839	(956, 2)
28796	(2312, 4)
34346	(3637, 4)
20520	(3116, 2)
33606	(2005, 2)
35257	(575, 2)
16226	(1596, 2)
20799	(1209, 2)
32663	(5023, 5)
15636	(2587, 2)
27601	(1220, 2)
34168	(963, 2)
31252	(4132, 4)
28617	(1056, 2)
30554	(1784, 2)
25119	(637, 1)
33862	(1875, 2)
18728	(275, 1)
30722	(1192, 2)
19328	(2438, 2)
16247	(659, 2)
32329	(1273, 2)
28065	(1017, 2)
33262	(1930, 2)
25401	(3380, 2)
34335	(1575, 2)
25060	(1070, 2)
32701	(2826, 4)
19344	(712, 1)
35360	(654, 2)
28436	(1511, 2)
24790	(333, 2)
15172	(2578, 2)
31045	(2148, 2)
29180	(2480, 2)
30906	(2632, 3)
21617	(749, 2)
30831	(750, 2)
32042	(486, 1)
27027	(1332, 2)
17326	(851, 2)
33469	(2087, 2)
33256	(2126, 2)
35253	(1451, 2)
17925	(2199, 4)
34991	(2038, 3)
28624	(976, 2)
26963	(795, 2)
16482	(4252, 3)
28187	(2024, 2)
25207	(2306, 2)
20221	(1644, 1)
21504	(2524, 4)
31440	(2320, 2)
17489	(1497, 2)
35025	(1294, 2)
31100	(5328, 4)
24962	(1337, 3)
32796	(970, 2)
25357	(3845, 3)
26767	(1169, 2)
26580	(2159, 2)
33785	(979, 2)
29776	(1201, 2)
18342	(2045, 3)
27661	(1367, 2)
16646	(2516, 2)
15751	(2079, 2)
35096	(2093, 2)
33843	(1390, 2)
30241	(2143, 2)
20909	(1145, 2)
19316	(3520, 2)
16183	(2827, 4)
21577	(1534, 3)
15799	(2046, 2)
21637	(2453, 2)
29923	(4242, 4)
34984	(2361, 3)
20721	(1074, 1)
29347	(460, 2)
33234	(4113, 4)
27730	(3145, 2)
30024	(840, 2)
17721	(1969, 2)
19800	(755, 2)
35071	(7102, 4)
25534	(1092, 2)
18788	(2710, 2)
29997	(1625, 2)
18545	(799, 2)
30832	(1313, 2)
31851	(1583, 2)
28372	(2589, 2)
32045	(1208, 1)
31028	(1793, 2)
28427	(538, 1)
34396	(2525, 2)
33392	(1242, 2)
16280	(777, 2)
14911	(751, 1)
32263	(989, 2)
21209	(1666, 2)
27070	(1096, 1)
33998	(1319, 2)
16895	(1419, 2)
33461	(1640, 2)
15043	(1396, 2)
15688	(549, 1)
28304	(1182, 2)
32920	(2577, 2)
15898	(854, 1)
21117	(1256, 2)
21211	(1498, 2)
26612	(3198, 2)
26943	(3098, 2)
25468	(1522, 2)
20304	(1080, 2)
14687	(1082, 2)
16722	(1217, 2)
30234	(2404, 3)
16251	(533, 1)
25022	(702, 2)
15529	(837, 1)
33106	(1953, 2)
34032	(1675, 2)
30399	(1695, 2)
24985	(1124, 2)
16852	(2076, 2)
35051	(727, 2)
31422	(2016, 2)
32539	(2329, 2)
30870	(2406, 2)
29361	(1583, 2)
16957	(1491, 1)
34311	(1904, 2)
34173	(795, 2)
25828	(1888, 3)
18406	(1104, 1)
32671	(1665, 2)
34303	(2750, 3)
28303	(3752, 3)
16685	(1578, 2)
17151	(1264, 2)
28176	(2453, 2)
31516	(2051, 3)
32344	(1936, 2)
33633	(1552, 3)
35252	(1705, 2)
30296	(2241, 2)
30638	(2179, 3)
32856	(1069, 2)
25911	(1611, 2)
35035	(1016, 2)
15269	(2470, 1)
30216	(3559, 2)
18409	(309, 1)
17384	(1122, 2)
21459	(840, 1)
18474	(1988, 1)
15839	(631, 1)
26487	(2129, 2)
32208	(1018, 2)
19422	(413, 1)
34199	(2228, 2)
29733	(2727, 2)
32112	(1727, 2)
31666	(1492, 2)
20759	(2471, 2)
29989	(268, 1)
29992	(3101, 6)
31282	(2093, 2)
18211	(3012, 4)
25506	(737, 1)
27714	(761, 2)
20367	(1709, 2)
25092	(1205, 2)
32163	(1239, 2)
32383	(2858, 2)
31663	(3018, 2)
34909	(1900, 2)
20098	(1474, 2)
21621	(2440, 2)
17742	(982, 1)
32612	(960, 1)
17432	(543, 1)
27605	(1281, 2)
31031	(1614, 2)
16704	(1259, 1)
17445	(3123, 2)
14693	(3353, 2)
33204	(4206, 2)
32945	(1334, 2)
33635	(1438, 2)
30027	(981, 2)
19629	(1467, 2)
28335	(876, 2)
29136	(3257, 5)
28539	(712, 2)
14716	(1631, 2)
29096	(2162, 2)
33398	(2043, 1)
33194	(3111, 2)
25040	(2716, 3)
33879	(1180, 2)
35340	(2896, 2)
31932	(895, 2)
29695	(1233, 2)
17939	(2613, 2)
32257	(1433, 3)
28830	(1699, 2)
17268	(3660, 4)
21562	(1962, 2)
19039	(1386, 1)
20613	(1774, 2)
30758	(3017, 2)
35366	(4872, 4)
30101	(1325, 2)
16546	(474, 1)
32925	(1965, 2)
14781	(2329, 2)
17021	(1275, 2)
26386	(3410, 2)
19467	(759, 2)
25240	(2169, 2)
31966	(1018, 2)
26416	(2455, 2)
27219	(1744, 3)
17240	(1381, 2)
20859	(2310, 2)
20962	(3364, 2)
28111	(1390, 2)
25341	(697, 2)
20041	(3617, 3)
33971	(2349, 2)
29946	(1576, 2)
35085	(1828, 2)
20189	(1471, 1)
34085	(882, 2)
30670	(1245, 1)
27539	(2317, 1)
34944	(1754, 2)
31455	(1171, 2)
15721	(1072, 1)
33014	(3491, 4)
26490	(1026, 2)
19545	(551, 1)
15800	(460, 1)
34076	(2287, 3)
31984	(1557, 2)
18309	(2997, 2)
29753	(2529, 4)
35301	(1721, 1)
20198	(1759, 2)
17847	(1457, 2)
16760	(251, 2)
30451	(2509, 2)
18569	(388, 1)
34096	(2578, 3)
26342	(1208, 1)
18248	(1228, 1)
30603	(2140, 2)
33009	(1403, 1)
19211	(1086, 2)
16996	(2479, 1)
26706	(2416, 2)
34248	(1527, 4)
27965	(464, 2)
14947	(1317, 2)
18964	(1861, 2)
35170	(2966, 2)
19586	(2064, 3)
33458	(1485, 2)
33080	(1764, 3)
15604	(264, 1)
32987	(8595, 4)
21051	(1169, 1)
20719	(313, 2)
35152	(687, 2)
32986	(2251, 3)
31090	(2048, 4)
33432	(1686, 1)
29802	(1272, 2)
28213	(1786, 2)
15708	(1730, 2)
18882	(415, 1)
28220	(1493, 1)
16347	(1468, 1)
28503	(2098, 2)
29911	(1850, 2)
18129	(2035, 2)
15932	(1280, 2)
27172	(2580, 2)
17842	(2024, 2)
31445	(1256, 2)
15327	(787, 1)
17755	(1610, 2)
34163	(1306, 2)
28474	(2275, 1)
28554	(1335, 1)
18570	(1191, 1)
30531	(3763, 2)
18108	(1347, 2)
34025	(1067, 2)
18812	(1020, 1)
30691	(1136, 2)
33007	(2764, 2)
31198	(1840, 2)
34378	(2578, 2)
30544	(2367, 3)
31977	(2419, 2)
33367	(657, 2)
32989	(3406, 2)
35040	(1301, 4)
28388	(2840, 2)
32205	(2808, 2)
18187	(1241, 2)
31214	(1156, 1)
27462	(2570, 2)
33816	(843, 2)
15902	(1920, 1)
17152	(584, 1)
30693	(2906, 2)
26860	(1881, 1)
16786	(718, 2)
21506	(1151, 2)
26635	(649, 2)
31172	(1497, 2)
16774	(2040, 1)
28076	(2987, 2)
32389	(2344, 2)
28921	(960, 2)
25343	(1709, 2)
21399	(2170, 2)
30217	(1085, 2)
25640	(1918, 2)
16771	(1454, 1)
18057	(1344, 2)
33680	(1060, 2)
15687	(1231, 1)
20214	(2235, 2)
35239	(2251, 2)
19679	(2739, 2)
32353	(1500, 2)
35321	(2482, 2)
31392	(742, 1)
33036	(775, 2)
32656	(226, 1)
21021	(626, 1)
19025	(3331, 3)
18313	(875, 1)
25414	(573, 2)
27558	(1808, 1)
33416	(2032, 2)
30167	(2514, 2)
32632	(1781, 3)
30299	(2014, 2)
18914	(796, 2)
19051	(1983, 3)
18092	(689, 2)
34114	(861, 2)
15306	(2356, 2)
27069	(4494, 2)
15447	(1133, 2)
14581	(2433, 2)
28318	(2113, 2)
30077	(4467, 4)
30439	(2183, 2)
25593	(352, 1)
16613	(827, 2)
35002	(1055, 2)
33456	(856, 1)
19110	(835, 2)
30356	(1137, 1)
32634	(1020, 1)
34911	(2403, 4)
34042	(771, 1)
33125	(2126, 2)
33761	(1678, 2)
32093	(2864, 2)
26864	(1337, 2)
17379	(1156, 2)
17136	(4355, 2)
19116	(914, 1)
19648	(1736, 2)
32633	(745, 2)
32234	(2955, 2)
16743	(3621, 2)
29155	(1567, 2)
26933	(3103, 2)
28913	(3546, 2)
26581	(1289, 2)
31260	(1929, 2)
27166	(838, 2)
28743	(1125, 1)
33856	(2902, 1)
29095	(922, 2)
18323	(565, 1)
26096	(606, 2)
31581	(2485, 4)
18371	(4443, 2)
27194	(889, 2)
30916	(1315, 2)
21019	(203, 1)
34236	(1915, 2)
25810	(569, 1)
25825	(1016, 2)
18412	(253, 1)
28881	(1957, 2)
26552	(784, 1)
29996	(860, 2)
32399	(3896, 3)
31536	(216, 1)
20936	(1456, 1)
31073	(3427, 2)
30465	(1263, 2)
25082	(942, 1)
32236	(2571, 1)
26771	(833, 2)
17797	(1908, 1)
30185	(3899, 2)
30579	(125, 1)
25484	(1466, 2)
31415	(739, 2)
30511	(1775, 2)
15057	(1412, 2)
34019	(1311, 2)
35295	(4214, 4)
16270	(2990, 3)
32878	(609, 2)
27809	(2038, 2)
18949	(885, 1)
30013	(1611, 2)
25513	(924, 2)
33046	(1102, 2)
18725	(782, 1)
26917	(2175, 2)
16309	(10024, 4)
26427	(3143, 1)
35073	(2300, 2)
35012	(2037, 2)
34975	(2119, 4)
16962	(1430, 1)
33833	(2194, 2)
25298	(1558, 2)
18391	(366, 1)
19998	(658, 1)
28612	(1267, 1)
25572	(2210, 1)
32781	(2438, 2)
17804	(473, 2)
32748	(750, 1)
30878	(3417, 2)
20321	(2292, 3)
28299	(2266, 2)
28650	(985, 2)
24970	(1510, 2)
19933	(359, 1)
21160	(1171, 1)
34907	(928, 2)
19445	(1892, 2)
30673	(2095, 3)
33218	(1616, 2)
34246	(735, 2)
18951	(1033, 2)
34219	(1400, 2)
26718	(3792, 4)
18674	(988, 2)
30901	(2151, 2)
34368	(3217, 4)
16832	(1909, 2)
31070	(623, 2)
19071	(1664, 2)
16824	(2474, 2)
18404	(768, 1)
17601	(1638, 1)
19487	(783, 2)
18103	(2059, 2)
29970	(276, 1)
25625	(2986, 2)
16376	(529, 1)
18168	(906, 1)
18058	(2503, 3)
16444	(646, 2)
26796	(1268, 2)
28626	(2438, 2)
33091	(1236, 2)
28772	(564, 1)
31621	(3967, 6)
31340	(1492, 1)
26358	(1092, 1)
32041	(836, 2)
27162	(498, 1)
27871	(2148, 2)
26102	(4373, 3)
33751	(1210, 2)
19570	(236, 1)
19212	(2636, 2)
32734	(2194, 2)
20706	(676, 1)
33985	(1044, 2)
26944	(792, 2)
35378	(3446, 1)
14541	(1934, 2)
21194	(1177, 2)
29998	(2970, 4)
30970	(1650, 2)
24356	(3658, 2)
33677	(4199, 3)
24996	(1740, 1)
32769	(1062, 2)
32424	(1615, 2)
33615	(1808, 2)
27591	(985, 2)
33161	(1838, 1)
30126	(656, 1)
27498	(1680, 1)
27395	(394, 2)
20020	(331, 1)
33981	(1947, 3)
18813	(449, 1)
32940	(2304, 2)
28778	(885, 1)
31795	(969, 1)
27380	(1990, 3)
25577	(816, 1)
34929	(3272, 2)
33768	(883, 1)
30841	(579, 2)
31372	(821, 1)
33275	(204, 1)
32144	(607, 1)
29786	(1051, 2)
32138	(9207, 8)
29378	(508, 1)
34231	(1337, 2)
16233	(672, 1)
29909	(939, 2)
25509	(1378, 1)
33152	(3381, 4)
26977	(1227, 2)
18374	(2411, 2)
25757	(488, 1)
26722	(2081, 2)
15489	(1088, 1)
32901	(2354, 2)
31798	(934, 2)
33604	(895, 2)
32340	(2663, 4)
30273	(1016, 2)
32603	(2321, 2)
28840	(2117, 2)
17304	(3371, 2)
28258	(1186, 2)
32666	(1635, 3)
28398	(1463, 2)
24953	(866, 2)
18823	(2235, 1)
29323	(638, 1)
25425	(3518, 2)
25512	(656, 1)
35055	(3148, 3)
31257	(3595, 3)
30886	(1904, 2)
15021	(1920, 2)
27237	(2380, 2)
25405	(661, 2)
33836	(4611, 4)
20585	(415, 1)
28205	(3266, 2)
31487	(942, 2)
35314	(1764, 2)
30365	(1751, 1)
27383	(599, 1)
25573	(1902, 2)
19870	(1318, 1)
25841	(1519, 1)
32391	(1422, 2)
19186	(1145, 2)
14965	(574, 1)
16364	(1132, 1)
30869	(1547, 2)
16976	(176, 1)
26813	(2551, 2)
32361	(361, 1)
28146	(499, 1)
17359	(2422, 2)
18384	(675, 1)
28708	(2136, 4)
34079	(1562, 2)
28551	(679, 1)
16106	(1391, 2)
28542	(1086, 2)
27569	(4103, 4)
35064	(2286, 2)
25294	(1931, 1)
26997	(1778, 2)
28137	(1576, 2)
18125	(602, 2)
30857	(1854, 2)
32125	(1407, 1)
17032	(1666, 2)
18503	(378, 1)
34923	(1307, 2)
31577	(416, 1)
15190	(313, 2)
35098	(3093, 2)
19233	(466, 1)
27008	(639, 3)
31292	(132, 1)
16536	(433, 2)
32524	(673, 1)
33107	(2667, 2)
26620	(263, 1)
21401	(2695, 4)
33297	(709, 2)
26805	(369, 1)
28611	(1268, 2)
27632	(1074, 2)
33467	(716, 2)
19437	(2991, 1)
33876	(855, 2)
17474	(1236, 2)
15808	(3558, 2)
15358	(1780, 2)
32390	(3115, 4)
30855	(3147, 2)
15926	(2599, 2)
15922	(415, 1)
30867	(1006, 2)
15068	(705, 1)
28020	(1143, 2)
32884	(2113, 1)
17663	(2098, 1)
30874	(989, 1)
27846	(1053, 1)
28319	(1258, 1)
17296	(1849, 2)
27767	(1333, 2)
31960	(751, 2)
16340	(879, 2)
30345	(4507, 2)
16483	(591, 1)
27771	(3999, 2)
32121	(2929, 2)
17040	(1981, 2)
32101	(2274, 1)
31855	(1475, 1)
35047	(1959, 2)
15388	(1778, 2)
21386	(2676, 2)
32388	(2013, 4)
26099	(1838, 2)
18449	(1386, 2)
16386	(1129, 2)
31010	(368, 1)
35151	(3043, 3)
15018	(2966, 2)
32547	(171, 1)
29063	(310, 1)
31809	(1467, 2)
26733	(1031, 1)
18851	(745, 1)
30598	(887, 2)
17544	(1091, 1)
24890	(1102, 2)
14811	(775, 1)
19786	(1925, 2)
17254	(2913, 2)
28548	(523, 1)
15304	(815, 2)
17103	(2140, 1)
21518	(1415, 2)
32852	(796, 2)
19890	(1058, 1)
17242	(1668, 2)
15701	(1373, 2)
33852	(1615, 2)
26895	(1839, 1)
31854	(722, 2)
28976	(1554, 1)
15567	(1181, 1)
16850	(1500, 2)
32661	(3091, 2)
15726	(471, 1)
33659	(987, 1)
21657	(817, 2)
27182	(4336, 2)
21093	(3117, 2)
28541	(1391, 2)
17694	(2525, 2)
16379	(1156, 1)
31601	(943, 2)
32770	(2001, 3)
28056	(1668, 2)
33907	(1293, 2)
16254	(1051, 2)
27786	(2325, 3)
14715	(533, 1)
35371	(2921, 2)
30258	(1756, 2)
35081	(1841, 2)
29014	(2000, 3)
21468	(1444, 2)
21024	(1699, 2)
29866	(3150, 5)
29900	(3046, 4)
27519	(4013, 3)
25609	(2062, 2)
33148	(849, 2)
31308	(3161, 2)
33865	(1950, 1)
35017	(3370, 4)
27015	(3117, 2)
17306	(409, 1)
15644	(994, 1)
15119	(3857, 2)
20739	(1278, 2)
25732	(1928, 2)
32556	(1366, 2)
28112	(1020, 2)
19832	(621, 2)
20738	(1920, 2)
25644	(727, 1)
25117	(5529, 3)
26021	(1152, 2)
15504	(5707, 4)
17659	(913, 1)
29887	(1298, 2)
29927	(964, 2)
29139	(1503, 2)
28024	(1354, 2)
17832	(819, 2)
17858	(1225, 2)
24895	(679, 2)
14903	(2519, 2)
26121	(2020, 2)
20563	(878, 2)
30777	(1293, 2)
14695	(2010, 2)
33864	(605, 2)
33324	(630, 2)
29423	(1477, 2)
18772	(1582, 2)
32590	(979, 1)
31649	(3692, 4)
21090	(864, 1)
31885	(2766, 2)
19164	(1449, 2)
28550	(966, 2)
14841	(1504, 2)
26392	(256, 1)
25709	(1057, 1)
31449	(1296, 2)
14691	(1988, 2)
24983	(1627, 2)
17098	(763, 2)
18024	(1228, 2)
28879	(3828, 2)
32254	(3220, 3)
26592	(1151, 1)
28040	(1028, 2)
32521	(921, 1)
20361	(1261, 2)
32405	(4205, 2)
14592	(1339, 2)
21677	(449, 2)
14580	(1656, 2)
21149	(1701, 2)
28688	(918, 2)
25123	(1507, 2)
30434	(1506, 2)
17056	(2528, 3)
34026	(2171, 2)
25284	(1219, 2)
25463	(1134, 1)
26413	(736, 2)
32282	(710, 2)
18517	(758, 1)
29731	(721, 2)
25779	(1903, 2)
28523	(991, 2)
33822	(913, 2)
15869	(214, 1)
34144	(289, 1)
30437	(5585, 4)
33189	(1463, 1)
28784	(1835, 2)
35160	(1107, 1)
16420	(416, 1)
20543	(145, 1)
29813	(1537, 1)
33968	(2106, 2)
31274	(1025, 2)
17265	(1073, 2)
15222	(2058, 3)
29984	(1252, 2)
21410	(1182, 1)
29394	(1748, 2)
29819	(1011, 2)
19338	(2515, 1)
32084	(1236, 2)
31548	(2022, 2)
30537	(1396, 2)
32461	(463, 1)
30834	(1641, 2)
20077	(2107, 2)
30532	(607, 1)
28938	(919, 2)
26077	(359, 1)
15029	(1647, 3)
32743	(981, 2)
18399	(338, 1)
26739	(920, 1)
26010	(1074, 2)
15161	(332, 1)
27868	(1161, 1)
16009	(1237, 3)
31015	(513, 2)
29975	(824, 2)
35137	(3244, 2)
28339	(300, 1)
35181	(2717, 2)
31823	(966, 1)
31344	(3979, 2)
25111	(984, 2)
28766	(333, 1)
20663	(783, 2)
16202	(3251, 2)
19269	(246, 1)
30677	(1486, 2)
32915	(3507, 2)
33974	(922, 2)
27101	(1719, 1)
30769	(225, 1)
32763	(1122, 2)
32870	(1694, 3)
34092	(4424, 4)
26440	(2480, 2)
34995	(2422, 3)
33918	(532, 1)
24912	(1136, 2)
27391	(1370, 1)
20210	(277, 1)
26593	(2673, 4)
30892	(1673, 2)
17628	(506, 1)
26518	(550, 2)
27308	(1824, 3)
31898	(478, 1)
14914	(539, 1)
16694	(2090, 2)
29924	(1619, 2)
19428	(443, 1)
14973	(354, 1)
18680	(616, 1)
21158	(587, 1)
30899	(1598, 2)
19496	(3117, 2)
21251	(364, 1)
19154	(1551, 2)
26610	(1011, 2)
17803	(2397, 2)
30697	(738, 1)
34985	(1078, 2)
32573	(1368, 3)
26879	(1086, 2)
29389	(848, 1)
31839	(308, 1)
26617	(4792, 2)
28404	(606, 2)
19227	(1214, 2)
34122	(2100, 2)
16390	(2526, 1)
20203	(470, 2)
15733	(2761, 2)
15424	(638, 2)
24903	(540, 1)
26701	(1564, 2)
16262	(1271, 2)
30536	(2378, 2)
34136	(3191, 2)
21262	(714, 2)
31119	(3260, 2)
28091	(1938, 3)
19112	(317, 1)
31535	(1590, 2)
27120	(560, 2)
15678	(2320, 3)
21612	(191, 1)
15185	(2156, 2)
31341	(1657, 2)
30738	(462, 1)
19994	(1478, 2)
32553	(4242, 2)
17289	(1200, 2)
33999	(486, 1)
27263	(878, 2)
24965	(1430, 1)
15145	(2016, 1)
35080	(2796, 3)
30664	(1505, 2)
30240	(1008, 1)
33000	(281, 1)
31027	(1142, 2)
35148	(3087, 3)
35244	(1371, 2)
15985	(1284, 2)
30139	(1314, 3)
18189	(505, 2)
30930	(2474, 4)
27046	(1115, 2)
15943	(1243, 1)
29415	(600, 1)
15083	(2747, 2)
32148	(1872, 2)
30939	(4253, 2)
30128	(4566, 2)
17462	(733, 2)
25367	(1441, 2)
34020	(670, 1)
27021	(1045, 1)
33481	(2188, 2)
29987	(1170, 2)
33128	(2943, 2)
16641	(634, 2)
21207	(1878, 4)
35105	(435, 2)
32699	(1115, 2)
15392	(2872, 2)
26349	(2920, 2)
32384	(3769, 3)
25489	(1432, 2)
16823	(1158, 1)
25687	(586, 2)
31545	(757, 2)
26378	(994, 1)
28733	(1546, 2)
35318	(478, 1)
32246	(640, 1)
30209	(2570, 1)
27235	(2393, 4)
16699	(1621, 1)
34071	(717, 2)
20768	(1363, 2)
25102	(1178, 2)
18775	(946, 2)
29793	(1641, 1)
19722	(1092, 2)
19788	(308, 1)
20886	(1309, 2)
21190	(695, 2)
24796	(1893, 2)
32083	(3168, 2)
27140	(370, 1)
21065	(595, 1)
16496	(746, 2)
14922	(1962, 2)
15004	(371, 2)
24814	(1930, 3)
17999	(152, 1)
16689	(999, 2)
32775	(3448, 2)
21091	(398, 1)
25978	(1272, 2)
25308	(1771, 2)
26858	(511, 1)
35355	(321, 1)
18790	(3618, 3)
30085	(1189, 2)
32523	(1440, 2)
18632	(854, 2)
33232	(1238, 2)
16258	(285, 1)
18881	(2008, 2)
24831	(1124, 2)
29801	(624, 2)
25290	(527, 2)
29152	(412, 1)
32892	(2293, 4)
35192	(3177, 2)
17476	(394, 1)
29416	(434, 1)
16488	(433, 1)
30504	(403, 1)
35354	(3119, 4)
35190	(728, 2)
19831	(671, 1)
21402	(1610, 2)
15323	(1168, 2)
32381	(2591, 3)
24850	(1813, 2)
33840	(2804, 2)
15108	(2030, 2)
25791	(1176, 2)
27494	(1682, 2)
35024	(2168, 2)
34847	(1297, 2)
25312	(905, 1)
32971	(483, 1)
20262	(1026, 1)
26393	(1804, 1)
18633	(1139, 2)
29740	(1240, 2)
19720	(272, 1)
30530	(1168, 2)
32554	(1073, 2)
17535	(2073, 2)
29078	(2566, 2)
34093	(1419, 1)
19633	(1692, 2)
30606	(521, 1)
25180	(647, 2)
15319	(476, 1)
30540	(316, 1)
14558	(801, 1)
34275	(798, 2)
14612	(193, 1)
18471	(1274, 2)
20202	(971, 1)
32465	(1153, 1)
26811	(2900, 2)
18836	(1307, 2)
28464	(3945, 3)
19755	(1610, 2)
17678	(2850, 2)
33904	(901, 2)
28683	(1014, 1)
33818	(1317, 1)
29964	(2042, 2)
27651	(1135, 2)
16069	(1587, 2)
29226	(905, 2)
24829	(3110, 3)
28981	(657, 2)
29144	(1455, 2)
33741	(1625, 2)
30124	(1210, 2)
28948	(368, 1)
26377	(1496, 2)
18448	(3101, 1)
25763	(495, 2)
20538	(2881, 2)
27130	(977, 1)
31092	(926, 2)
31458	(785, 2)
16123	(2125, 2)
27969	(765, 2)
21308	(1657, 2)
21336	(1194, 2)
28235	(1928, 2)
20749	(889, 2)
25172	(1996, 2)
19463	(920, 1)
28971	(1888, 2)
25461	(1565, 2)
34343	(2538, 2)
27451	(3944, 3)
31049	(1083, 2)
34081	(206, 1)
28681	(1861, 2)
26704	(2174, 3)
34100	(3443, 2)
27715	(4274, 2)
27980	(294, 1)
21269	(612, 1)
30277	(1525, 2)
34337	(2312, 2)
33386	(514, 1)
15587	(549, 1)
26042	(1864, 2)
33153	(1048, 2)
33970	(490, 1)
16505	(653, 1)
29117	(1403, 2)
16117	(358, 1)
33910	(4971, 2)
20825	(2852, 1)
28048	(1615, 1)
15375	(2687, 1)
26662	(4246, 2)
33839	(4058, 4)
31072	(424, 1)
35013	(1023, 1)
33195	(1305, 2)
28869	(1222, 2)
33037	(271, 1)
14868	(730, 1)
34384	(2676, 2)
26101	(650, 1)
32833	(2029, 1)
14878	(1213, 2)
31502	(1059, 1)
19646	(606, 2)
25158	(1974, 2)
29175	(3467, 1)
29398	(757, 2)
16158	(2454, 2)
31384	(1869, 2)
17261	(3980, 2)
17978	(245, 1)
26937	(387, 1)
33912	(650, 1)
15316	(827, 2)
17426	(2955, 2)
34074	(2065, 1)
32782	(1376, 2)
31469	(1078, 2)
21006	(598, 1)
24825	(1408, 2)
29734	(1041, 1)
16217	(945, 1)
16576	(1127, 2)
35369	(539, 2)
27528	(1328, 1)
21587	(196, 1)
30092	(1648, 2)
18824	(2399, 2)
20806	(585, 1)
26686	(429, 1)
33805	(629, 2)
32357	(2640, 2)
34389	(933, 3)
24924	(471, 1)
33967	(861, 3)
32010	(897, 2)
26804	(1368, 1)
30819	(1098, 2)
27808	(142, 1)
19541	(1737, 2)
30475	(250, 1)
25416	(2410, 2)
35129	(2058, 2)
33592	(87, 1)
19130	(319, 1)
32576	(1642, 2)
34263	(888, 1)
30602	(347, 2)
26463	(213, 1)
14646	(862, 1)
26843	(600, 1)
29012	(355, 1)
26934	(218, 1)
19215	(766, 1)
24925	(880, 2)
19598	(2938, 1)
29003	(109, 1)
27109	(1153, 2)
33320	(1575, 2)
35285	(1379, 1)
17936	(677, 1)
32784	(1569, 2)
25823	(1297, 2)
20881	(449, 2)
19098	(1994, 2)
14855	(654, 1)
27267	(1196, 1)
25756	(2590, 2)
26334	(870, 1)
33412	(261, 1)
28919	(1545, 2)
15219	(855, 1)
30984	(363, 1)
30291	(728, 1)
32629	(542, 1)
34388	(3611, 2)
35067	(2010, 2)
19688	(232, 1)
24993	(397, 1)
25917	(1925, 2)
28185	(1550, 2)
29913	(834, 1)
19102	(230, 1)
34376	(761, 1)
17004	(353, 1)
18146	(3479, 2)
33216	(307, 1)
26563	(1739, 2)
17290	(1121, 1)
25844	(677, 2)
16557	(1001, 1)
28327	(330, 1)
28893	(675, 1)
29889	(527, 1)
31020	(2364, 3)
31659	(693, 1)
29024	(3019, 2)
25096	(277, 1)
18811	(400, 2)
32962	(228, 1)
30107	(2555, 1)
27256	(2574, 3)
21185	(2726, 2)
34301	(620, 2)
21046	(370, 1)
25927	(1019, 1)
15858	(1291, 2)
33808	(495, 1)
20944	(327, 1)
17582	(1027, 1)
31612	(708, 1)
31923	(2964, 2)
19525	(1498, 1)
19415	(1359, 2)
33831	(1353, 1)
32679	(382, 1)
29855	(357, 1)
33641	(3873, 2)
16239	(2027, 2)
24861	(1546, 2)
19371	(1145, 2)
16135	(665, 1)
14631	(230, 1)
26996	(1311, 1)
21520	(1857, 2)
25578	(866, 1)
28993	(997, 2)
31441	(3160, 2)
35079	(2234, 2)
30558	(4853, 2)
27307	(772, 2)
26020	(494, 2)
33794	(1757, 2)
18936	(192, 1)
33411	(1375, 2)
25985	(854, 2)
33660	(837, 1)
30068	(362, 1)
19613	(2088, 2)
15373	(914, 1)
19815	(261, 1)
32960	(261, 1)
25242	(1734, 1)
21409	(1805, 2)
30751	(392, 1)
32080	(2773, 2)
21376	(856, 1)
15355	(1250, 2)
25349	(205, 1)
26998	(585, 2)
21525	(1328, 2)
19162	(853, 2)
33668	(1920, 2)
30506	(989, 1)
27029	(369, 1)
29926	(518, 1)
15174	(1949, 2)
34226	(1670, 2)
26587	(347, 1)
27684	(1023, 2)
33530	(1388, 2)
28253	(393, 1)
32595	(194, 1)
28108	(534, 2)
16500	(861, 1)
14684	(249, 1)
14759	(136, 1)
17299	(688, 1)
19705	(1683, 2)
34197	(750, 2)
28610	(1226, 2)
30266	(1669, 1)
31527	(182, 1)
19964	(339, 1)
30283	(1088, 1)
17953	(2507, 2)
26548	(1786, 2)
33547	(624, 1)
25681	(2122, 1)
21437	(809, 1)
30117	(1094, 1)
26757	(482, 1)
33286	(225, 1)
20904	(369, 1)
31056	(1151, 2)
32780	(897, 1)
30959	(226, 1)
20087	(290, 1)
32127	(1843, 2)
28580	(1948, 1)
31361	(97, 1)
14595	(757, 1)
34182	(772, 1)
20989	(160, 1)
30757	(718, 1)
20718	(680, 2)
33325	(173, 1)
14908	(389, 1)
26150	(214, 1)
27047	(306, 1)
26027	(643, 2)
32914	(196, 1)
35163	(219, 1)
31419	(224, 1)
20884	(818, 1)
30411	(440, 1)
32183	(497, 1)
17835	(289, 1)
20267	(1297, 1)
16991	(467, 1)
26898	(411, 1)
26672	(206, 1)
33763	(1457, 1)
34347	(234, 1)
25232	(267, 1)
35383	(797, 1)
17295	(231, 1)
